{   
"data":
    [{
    "question_nr": 1,
    "video1":"vajningsplikt/1",
    "video2":"vajningsplikt/2",
    "level_question":"Du ska svänga vänster, hur agerar du härnäst?",
    "choice1": "Andra bilen har väjningsplikt, jag kör",
    "choice2": "Jag har väjningsplikt, låter bilen passera och sedan svänger",
    "choice3": "Jag får inte svänga vänster, åker rakt fram",
    "choice4": "U-sväng",
    "posFeedback": "Du hade väjningsplikt, bra jobbat!",
    "negFeedback": "Tänk på att du har väjningsplikt om du kör över ett annat körfält",
    "correct": 2
},
{
    "question_nr": 2,
    "video1":"hogerregeln/1",
    "video2":"hogerregeln/2",
    "level_question":"Du ska fortsätta rakt fram, det kommer en bil. Hur agerar du?",
    "choice1": "Fortsätt köra",
    "choice2": "Stanna helt",
    "choice3": "Sagta in och låt bilen passera",
    "choice4": "Sväng vänster",
    "posFeedback": "Högerregeln anpassas, bra jobbat!",
    "negFeedback": "Tänk på högerregeln.",
    "correct": 3
}
,
{
    "question_nr": 3,
    "video1":"huvudled/1",
    "video2":"huvudled/2",
    "level_question":"Du ska svänga höger. Det är även en bil som kommer från höger. Hur agerar du?",
    "choice1": "Jag har företräde, jag svänger höger",
    "choice2": "Bilarna påverkar inte min situation, jag svänger höger",
    "choice3": "Låt bilen passera, sedan sväng",
    "choice4": "Jag får inte svänga höger",
    "posFeedback": "Bilen påverkar inte situationen, bra jobbat!",
    "negFeedback": "Påverkar bilen till höger din sväng?",
    "correct": 2
},
{
    "question_nr": 4,
    "video1":"bildorr/1",
    "video2":"bildorr/2",
    "level_question":"Var ska du i första hand rikta din uppmärksamhet?",
    "choice1": "På mötande trafik",
    "choice2": "På den parkerade bilen i avfarten",
    "choice3": "På bilen som stannat vid vägrenen",
    "choice4": "På min hastighet",
    "posFeedback": "Det gäller att ha god bromsberedskap på mindre vägar med hinder, Bra jobbat!",
    "negFeedback": "Håll uppsikt för oförväntade situationer",
    "correct": 3
},
{
    "question_nr": 5,
    "video1":"fotgangare/1",
    "video2":"fotgangare/2",
    "level_question":"Varför ska du vara extra uppmärksam när du kör i den här situationen?",
    "choice1": "Det blir 30km/h så du ska sagta ner",
    "choice2": "Fotgängaren på trotoaren som kanske springer ut över vägen",
    "choice3": "Det kan svänga ett fordon från vänster",
    "choice4": "Det kommer mötande trafik längre fram",
    "posFeedback": "Det gäller att ha god bromsberedskap på mindre vägar med hinder, Bra jobbat!",
    "negFeedback": "Håll uppsikt för oförväntade situationer",
    "correct": 2
}
]
}